aaronan##true#aaronan@yahoo.com#402
audie_clarridge##true#audie_clarridge@gmail.com#447
bertip##false#bertip@gmail.com#9
brown_barby##true#barby_brown@gmail.com#345
elyssab#cheeseboard#true#ellyssab@yahoo.com#376
evalam##true#eva.lambin@yahoo.com#143
inga_stiegars##true#ingaborg.stiegars@gmail.com#219
thandimat#defiantCat#true#thandi.matrose@gmail.com#1
aracollen##true#arabellecollens@gmail.com#372
examiner2021#testingCode#true#examiner@gmail.com#402